"cdn.03aa42ea0f0000000700b1030000.ns1.brownswer.com","28","586:bdb7:62ad:e8a9:ebc1:dca8:60a:cb0d"
"cdn.e5fab7720f0000000700b1030000.ns1.brownswer.com","28","279:4cd9:58ed:5bfa:7c3a:b985:8a43:9bab"
"cdn.e5fab77218000000070087000000.ns1.brownswer.com","28","441:14bc:28b4:a763:a7e5:a1ea:7f2e:e29a"
"cdn.d0a573070c00000007001c020000.ns1.brownswer.com","28","30f:114b:e50c:cdd2:35ec:5d54:5c6b:67da"
"cdn.d0a5730709000000070087000000.ns1.brownswer.com","28","87::"
"cdn.d0a5730717000000070000000000.ns1.brownswer.com","28","927:4e31:3997:b060:b15d:5b63:5f4b:8399"
"cdn.cd7b7fff0f0000000700b1030000.ns1.brownswer.com","28","87::"
"cdn.e5fab77227000000070087000000.ns1.brownswer.com","28","49::"
"cdn.d0a573070c00000007001c020000.ns1.brownswer.com","28","9f5:b968:b27d:75eb:d3c:f88e:1d02:301"
"cdn.03aa42ea26000000070000000000.ns1.brownswer.com","28","647:ad4e:ad75:455c:6f4e:f48f:a25:1170"
"cdn.03aa42ea08000000070000000000.ns1.brownswer.com","28","603:303:bf0b:3:bb00:3b8:3:b530"
"cdn.03aa42ea08000000070000000000.ns1.brownswer.com","28","9ec:b8aa:7630:d06:92a:8648:86f7:d01"
"cdn.ba7fff4712000000070046050000.ns1.brownswer.com","28","100::"
"cdn.cd7b7fff17000000070000000000.ns1.brownswer.com","28","5df:7a63:ef79:50b5:fd4f:7cde:f168:3c57"
"cdn.e5fab772110000000700bf040000.ns1.brownswer.com","28","87::"
"cdn.03aa42ea0b000000070095010000.ns1.brownswer.com","28","2da:ac5:22ed:4d00:aeb8:9543:5e6f:d89c"
"cdn.ba7fff4710000000070038040000.ns1.brownswer.com","28","61b:d9f3:50f9:f47f:6b53:2bc5:4c8:f82d"
"cdn.03aa42ea10000000070038040000.ns1.brownswer.com","28","8e2:7169:5cf4:ef39:351c:27a7:90c:4425"
"cdn.ba7fff470f0000000700b1030000.ns1.brownswer.com","28","4af:9d73:acc7:e5b2:b656:4a73:c052:ba1c"
"cdn.e5fab7720f0000000700b1030000.ns1.brownswer.com","28","96f:dd27:970d:31bf:3975:f718:f2d8:643c"
"cdn.03aa42ea0e00000007002a030000.ns1.brownswer.com","28","87::"
"cdn.d0a5730709000000070087000000.ns1.brownswer.com","28","342:7269:7362:616e:6531:1330:1106:355"
"cdn.d0a5730717000000070000000000.ns1.brownswer.com","28","8bd:c4ea:8fa1:23b9:9dc1:780a:fc2:f849"
"cdn.ba7fff4717000000070000000000.ns1.brownswer.com","28","116:303:ca:400:c6::12c:c0"
"cdn.03aa42ea0d0000000700a3020000.ns1.brownswer.com","28","502:b507:1e2e:4eb8:f080:a930:f06:355"
"cdn.cd7b7fff110000000700bf040000.ns1.brownswer.com","28","5b4:4a51:8dd9:a9be:cada:200d:4774:f7b0"
"cdn.e5fab772110000000700bf040000.ns1.brownswer.com","28","36c:9d31:99cc:fba0:bc67:6278:c89a:94b2"
"cdn.03aa42ea09000000070087000000.ns1.brownswer.com","28","342:7269:7362:616e:6531:1330:1106:355"
"cdn.cd7b7fff0e00000007002a030000.ns1.brownswer.com","28","6b4:ecd4:e09e:679e:a376:d1a4:d73:97b8"
"cdn.03aa42ea0c00000007001c020000.ns1.brownswer.com","28","269:acdd:965:5482:3d04:d35a:64e9:d19e"
"cdn.03aa42ea10000000070038040000.ns1.brownswer.com","28","189:9971:804:100:2ecc:690f:2d35:d2e7"
"cdn.03aa42ea10000000070038040000.ns1.brownswer.com","28","5d3:911e:7a46:fb8c:9834:ac24:3657:faf9"
"cdn.e5fab7720d0000000700a3020000.ns1.brownswer.com","28","502:b507:1e2e:4eb8:f080:a930:f06:355"
"cdn.cd7b7fff18000000070087000000.ns1.brownswer.com","28","22f:51d6:3a67:248e:d5d2:6df5:f9ca:e709"
"cdn.ba7fff470c00000007001c020000.ns1.brownswer.com","28","682:f579:882d:28e8:805c:4f99:b2d9:2b3c"
"cdn.03aa42ea27000000070087000000.ns1.brownswer.com","28","576:8abd:dd96:917b:1b3d:c5b6:41f8:e1db"
"cdn.e5fab7720d0000000700a3020000.ns1.brownswer.com","28","100:1a3:5330:5130:1d06:355:1d0e:416"
"cdn.d0a5730717000000070000000000.ns1.brownswer.com","28","4ae:4073:a1b9:87e:7d69:9b00:7983:af33"
"cdn.ba7fff4718000000070087000000.ns1.brownswer.com","28","25e:de8b:27fa:a7c2:64f3:535f:c973:fcc9"
"cdn.cd7b7fff17000000070000000000.ns1.brownswer.com","28","28e:28c9:c29b:ef49:b3fd:b909:4067:6e3c"
"cdn.e5fab77209000000070087000000.ns1.brownswer.com","28","101:b05:30:6831:b30:906:355:406"
"cdn.e5fab7720a00000007000e010000.ns1.brownswer.com","28","131:3131:3430:365a:3068:310b:3009:603"
"cdn.d0a5730709000000070087000000.ns1.brownswer.com","28","213:241:5531:1130:f06:355:408:c08"
"cdn.e5fab77226000000070000000000.ns1.brownswer.com","28","74f:9157:827f:1718:715e:ec1f:d105:d61a"
"cdn.ba7fff4717000000070000000000.ns1.brownswer.com","28","45b:6a6d:452d:fa82:9d69:44fd:5fe1:681b"
"cdn.cd7b7fff09000000070087000000.ns1.brownswer.com","28","342:7269:7362:616e:6531:1330:1106:355"
"cdn.03aa42ea0f0000000700b1030000.ns1.brownswer.com","28","7c0:1555:1603:301:2c0c:1:2803:1d"
"cdn.03aa42ea09000000070087000000.ns1.brownswer.com","28","80c:341:5555:301e:170d:3233:3035:3137"
"cdn.e5fab7720f0000000700b1030000.ns1.brownswer.com","28","6b7:7652:8690:7b75:c021:3a79:8413:46dd"
"cdn.e5fab7720e00000007002a030000.ns1.brownswer.com","28","451:e9ba:4a1e:8458:a87a:26f2:2459:bba9"
"cdn.d0a573070b000000070095010000.ns1.brownswer.com","28","608:ff4a:6368:d9ea:910b:136c:617b:47dd"
"cdn.ba7fff470b000000070095010000.ns1.brownswer.com","28","8ea:294c:4ec9:56f5:2e4a:2ef5:6fab:6f59"
"cdn.cd7b7fff0b000000070095010000.ns1.brownswer.com","28","87::"
"cdn.cd7b7fff0b000000070095010000.ns1.brownswer.com","28","10f:30:8201:a02:8201:100:c2f9:87b4"
"cdn.d0a573070c00000007001c020000.ns1.brownswer.com","28","87::"
"cdn.03aa42ea09000000070087000000.ns1.brownswer.com","28","516:3014:603:5504:a0c:d49:5053:4543"
"cdn.d0a5730709000000070087000000.ns1.brownswer.com","28","931:3131:3430:365a:170d:3234:3035:3136"
"cdn.ba7fff4709000000070087000000.ns1.brownswer.com","28","404:70c:a47:4f6c:6420:434f:6173:7431"
"cdn.ba7fff4708000000070000000000.ns1.brownswer.com","28","782:3b1:3082:299:a003:201:202:1413"
"cdn.03aa42ea0a00000007000e010000.ns1.brownswer.com","28","406:355:407:c0a:474f:6c64:2043:4f61"
"cdn.ba7fff470c00000007001c020000.ns1.brownswer.com","28","1e7:f91d:3040:f7d2:7fcd:7306:6732:d572"
"cdn.d0a573070a00000007000e010000.ns1.brownswer.com","28","653:4543:2070:7479:206c:6474:310b:3009"
"cdn.d0a5730717000000070000000000.ns1.brownswer.com","28","116:303:ca:400:c6::12c:c0"
"cdn.03aa42ea0f0000000700b1030000.ns1.brownswer.com","28","35b:8f38:7bef:cb3a:e53d:2c01:b9f9:c485"
"cdn.03aa42ea0c00000007001c020000.ns1.brownswer.com","28","9f5:b968:b27d:75eb:d3c:f88e:1d02:301"
"cdn.cd7b7fff0e00000007002a030000.ns1.brownswer.com","28","935:cfc:b112:620:9afd:231f:6483:677"
"cdn.cd7b7fff110000000700bf040000.ns1.brownswer.com","28","2f6:c1b7:f53a:2468:9ab9:f5e5:6f86:163"
"cdn.03aa42ea0a00000007000e010000.ns1.brownswer.com","28","653:4543:2070:7479:206c:6474:310b:3009"
"cdn.03aa42ea0b000000070095010000.ns1.brownswer.com","28","87::"
"cdn.d0a5730708000000070000000000.ns1.brownswer.com","28","397:defb:a55a:a7b3:4536:50e:e0bc:c0"
"cdn.ba7fff470c00000007001c020000.ns1.brownswer.com","28","44e:c719:906:6c31:66bf:ba5b:9b0b:23bb"
"cdn.cd7b7fff0b000000070095010000.ns1.brownswer.com","28","8ea:294c:4ec9:56f5:2e4a:2ef5:6fab:6f59"
"cdn.03aa42ea0c00000007001c020000.ns1.brownswer.com","28","87::"
"cdn.cd7b7fff0d0000000700a3020000.ns1.brownswer.com","28","87::"
"cdn.e5fab77209000000070087000000.ns1.brownswer.com","28","87::"
"cdn.03aa42ea26000000070000000000.ns1.brownswer.com","28","88b:808e:1ad0:87c:6533:a5bc:1d2e:c33e"
"cdn.cd7b7fff0b000000070095010000.ns1.brownswer.com","28","9f3:f05a:41a1:8cce:4610:4fb1:a85f:7233"
"cdn.cd7b7fff0a00000007000e010000.ns1.brownswer.com","28","706:355:40b:c02:5555:310c:300a:603"
"cdn.cd7b7fff0f0000000700b1030000.ns1.brownswer.com","28","586:bdb7:62ad:e8a9:ebc1:dca8:60a:cb0d"
"cdn.e5fab772110000000700bf040000.ns1.brownswer.com","28","6da:ddbe:e0c7:79ab:4726:a121:f609:f9ae"
"cdn.03aa42ea09000000070087000000.ns1.brownswer.com","28","704:b0c:255:5531:c30:a06:355:403"
"cdn.d0a5730708000000070000000000.ns1.brownswer.com","28","116:303:45:200:41:303:e3e6:bcb5"
"cdn.e5fab77208000000070000000000.ns1.brownswer.com","28","9ec:b8aa:7630:d06:92a:8648:86f7:d01"
"cdn.cd7b7fff18000000070087000000.ns1.brownswer.com","28","4b7:22f2:2403:2f1d:18d4:871c:2a14:c15b"
"cdn.e5fab7720f0000000700b1030000.ns1.brownswer.com","28","35b:8f38:7bef:cb3a:e53d:2c01:b9f9:c485"
"cdn.cd7b7fff28000000070087000000.ns1.brownswer.com","28","232:c519:a5fa:6567:4344:de9a:8f33:219a"
"cdn.ba7fff470a00000007000e010000.ns1.brownswer.com","28","87::"
"cdn.ba7fff470d0000000700a3020000.ns1.brownswer.com","28","709:2a86:4886:f70d:101:b05:3:8201"
"cdn.e5fab7720f0000000700b1030000.ns1.brownswer.com","28","820:1534:b4bb:258c:6ee0:6ffb:5cf4:9e4a"
"cdn.03aa42ea110000000700bf040000.ns1.brownswer.com","28","419:72fd:f5ef:4655:b14e:3aa9:e27e:d9c0"
"cdn.ba7fff4709000000070087000000.ns1.brownswer.com","28","342:7269:7362:616e:6531:1330:1106:355"
"cdn.ba7fff4718000000070087000000.ns1.brownswer.com","28","18e:d5b0:af7:e349:1053:3653:dfec:1180"
"cdn.03aa42ea26000000070000000000.ns1.brownswer.com","28","7f5:f556:f6bc:1a86:fb8:601c:a19b:5e6f"
"cdn.ba7fff470b000000070095010000.ns1.brownswer.com","28","5aa:c160:92e8:59e4:56c2:1b9d:cd44:12ca"
"cdn.d0a5730717000000070000000000.ns1.brownswer.com","28","7a4:3ebd:b9dc:a150:a84d:ce8a:8da0:e449"
"cdn.e5fab7720c00000007001c020000.ns1.brownswer.com","28","5a9:6805:a85a:b155:b4db:2577:8ef1:8653"
"cdn.03aa42ea10000000070038040000.ns1.brownswer.com","28","49e:c76e:676c:c041:ccc0:a843:c126:5ccd"
"cdn.ba7fff470d0000000700a3020000.ns1.brownswer.com","28","9ad:6bf7:c229:3740:4d05:b329:1771:c0a6"
"cdn.ba7fff470a00000007000e010000.ns1.brownswer.com","28","909:2a86:4886:f70d:101:105:3:8201"
"cdn.d0a57307110000000700bf040000.ns1.brownswer.com","28","9da:841:a817:6fe2:2d16:303:4:e00"
"cdn.03aa42ea110000000700bf040000.ns1.brownswer.com","28","52d:99c6:ee79:54db:e5c1:5304:5c97:b1e8"
"cdn.03aa42ea09000000070087000000.ns1.brownswer.com","28","404:70c:a47:4f6c:6420:434f:6173:7431"
"cdn.e5fab77209000000070087000000.ns1.brownswer.com","28","213:241:5531:1130:f06:355:408:c08"
"cdn.ba7fff4717000000070000000000.ns1.brownswer.com","28","395:5ca6:cd9d:698b:9f7e:4b84:9397:a41d"
"cdn.03aa42ea27000000070087000000.ns1.brownswer.com","28","230:5d94:22a0:afb1:9c51:1ce4:7b97:3bac"
"cdn.03aa42ea0a00000007000e010000.ns1.brownswer.com","28","855:403:c03:4155:5530:8201:2230:d06"
"cdn.d0a5730709000000070087000000.ns1.brownswer.com","28","704:b0c:255:5531:c30:a06:355:403"
"cdn.03aa42ea0a00000007000e010000.ns1.brownswer.com","28","87::"
"cdn.e5fab77226000000070000000000.ns1.brownswer.com","28","3ca:ce2:b707:d939:9968:7204:6ec6:6cc6"
"cdn.d0a573070a00000007000e010000.ns1.brownswer.com","28","855:403:c03:4155:5530:8201:2230:d06"
"cdn.d0a573070e00000007002a030000.ns1.brownswer.com","28","515:3e1a:f2fa:94b4:8ea1:8fa0:bcad:9753"
"cdn.cd7b7fff110000000700bf040000.ns1.brownswer.com","28","87::"
"cdn.d0a5730709000000070087000000.ns1.brownswer.com","28","101:b05:30:6831:b30:906:355:406"
"cdn.e5fab7720f0000000700b1030000.ns1.brownswer.com","28","120:fde8:d532:54b1:9aef:fe5d:88f4:a43a"
"cdn.e5fab77210000000070038040000.ns1.brownswer.com","28","629:544d:32b0:e649:939d:338:8e9d:a68e"
"cdn.ba7fff4708000000070000000000.ns1.brownswer.com","28","87b:df82:4444:bfcc:faa9:38b6:f38d:bcd3"
"cdn.cd7b7fff08000000070000000000.ns1.brownswer.com","28","116:303:45:200:41:303:747f:a050"
"cdn.ba7fff4710000000070038040000.ns1.brownswer.com","28","968:f73b:2d67:f549:cf88:e9d0:5743:6a37"
"cdn.cd7b7fff0a00000007000e010000.ns1.brownswer.com","28","255:406:1302:4155:3111:300f:603:5504"
"cdn.e5fab772110000000700bf040000.ns1.brownswer.com","28","822:774f:847f:4c3e:37e5:f73f:1648:5c17"
"cdn.cd7b7fff17000000070000000000.ns1.brownswer.com","28","8dd:7a71:15bf:9a8a:efac:3027:441c:b361"
"cdn.03aa42ea0a00000007000e010000.ns1.brownswer.com","28","573:7431:1630:1406:355:40a:c0d:4950"
"cdn.e5fab7720e00000007002a030000.ns1.brownswer.com","28","6b4:ecd4:e09e:679e:a376:d1a4:d73:97b8"
"cdn.cd7b7fff08000000070000000000.ns1.brownswer.com","28","9ec:b8aa:7630:d06:92a:8648:86f7:d01"
"cdn.d0a573070c00000007001c020000.ns1.brownswer.com","28","707:20d7:b13f:a4c4:f6ae:fce1:5c63:3cde"
"cdn.03aa42ea18000000070087000000.ns1.brownswer.com","28","7b::"
"cdn.cd7b7fff17000000070000000000.ns1.brownswer.com","28","668:67c7:78ff:1d74:ea8d:1658:45bd:751e"
"cdn.03aa42ea110000000700bf040000.ns1.brownswer.com","28","117:628d:1c34:bb20:da5b:f9d0:af83:515d"
"cdn.03aa42ea17000000070000000000.ns1.brownswer.com","28","87::"
"cdn.03aa42ea27000000070087000000.ns1.brownswer.com","28","3a2:3ffb:565f:d797:dd1d:3214:17d1:f53e"
"cdn.03aa42ea10000000070038040000.ns1.brownswer.com","28","62a:ec46:f38c:7bdd:8007:cdee:580a:278f"
"cdn.e5fab77210000000070038040000.ns1.brownswer.com","28","701:1610:b075:e98f:7d6b:d629:5ce2:33bc"
"cdn.cd7b7fff09000000070087000000.ns1.brownswer.com","28","404:70c:a47:4f6c:6420:434f:6173:7431"
"cdn.cd7b7fff0a00000007000e010000.ns1.brownswer.com","28","308:c08:4272:6973:6261:6e65:3113:3011"
"cdn.e5fab772110000000700bf040000.ns1.brownswer.com","28","5d9:a74a:cf6f:cd1e:7ab7:a638:2867:2f0c"
"cdn.03aa42ea18000000070087000000.ns1.brownswer.com","28","8a4:7062:5879:e3b7:9e2a:b548:d584:8310"
"cdn.cd7b7fff08000000070000000000.ns1.brownswer.com","28","782:3b1:3082:299:a003:201:202:1413"
"cdn.d0a5730718000000070087000000.ns1.brownswer.com","28","600:101:1603:300:2852:c03b:fed5:7eb0"
"cdn.e5fab77209000000070087000000.ns1.brownswer.com","28","704:b0c:255:5531:c30:a06:355:403"
"cdn.cd7b7fff0d0000000700a3020000.ns1.brownswer.com","28","61d:1301:1ff:405:3003:101:ff30:d06"
"cdn.ba7fff4708000000070000000000.ns1.brownswer.com","28","87::"
"cdn.cd7b7fff27000000070000000000.ns1.brownswer.com","28","380:9438:d19e:cfec:dbb0:a8b5:fd1f:dddd"
"cdn.d0a573070e00000007002a030000.ns1.brownswer.com","28","6b4:ecd4:e09e:679e:a376:d1a4:d73:97b8"
"cdn.e5fab7720e00000007002a030000.ns1.brownswer.com","28","935:cfc:b112:620:9afd:231f:6483:677"
"cdn.e5fab7720b000000070095010000.ns1.brownswer.com","28","765:9680:a48f:6b78:76ff:5e39:b473:e91c"
"cdn.cd7b7fff0a00000007000e010000.ns1.brownswer.com","28","406:355:407:c0a:474f:6c64:2043:4f61"
"cdn.cd7b7fff12000000070046050000.ns1.brownswer.com","28","2::"
"cdn.ba7fff470d0000000700a3020000.ns1.brownswer.com","28","100:1a3:5330:5130:1d06:355:1d0e:416"
"cdn.ba7fff470d0000000700a3020000.ns1.brownswer.com","28","801:4:ac41:6e84:df32:7383:dd3e:53f"
"cdn.d0a573070b000000070095010000.ns1.brownswer.com","28","3bb:fe9f:57fb:389c:8c33:2b93:f8b5:725c"
"cdn.03aa42ea18000000070087000000.ns1.brownswer.com","28","9c4:baa4:5879:e3b7:9e2a:b548:d584:8310"
"cdn.03aa42ea0d0000000700a3020000.ns1.brownswer.com","28","9ad:6bf7:c229:3740:4d05:b329:1771:c0a6"
"cdn.d0a573070e00000007002a030000.ns1.brownswer.com","28","1a5:8a62:4583:e6be:2688:25cd:1501:bc8f"
"cdn.e5fab7720a00000007000e010000.ns1.brownswer.com","28","706:355:40b:c02:5555:310c:300a:603"
"cdn.d0a5730717000000070000000000.ns1.brownswer.com","28","6f6:8135:7c9:fb72:c4d3:939a:e979:14ed"
"cdn.ba7fff4718000000070087000000.ns1.brownswer.com","28","5e3:5771:b48c:570:8dad:241f:2414:303"
"cdn.e5fab77208000000070000000000.ns1.brownswer.com","28","116:303:45:200:41:303:d3ea:4e94"
"cdn.cd7b7fff28000000070087000000.ns1.brownswer.com","28","1fe:32fa:85c2:65aa:c5b:1f9b:d67e:f291"
"cdn.e5fab77209000000070087000000.ns1.brownswer.com","28","404:70c:a47:4f6c:6420:434f:6173:7431"
"cdn.03aa42ea09000000070087000000.ns1.brownswer.com","28","87::"
"cdn.03aa42ea08000000070000000000.ns1.brownswer.com","28","87b:df82:4444:bfcc:faa9:38b6:f38d:bcd3"
"cdn.cd7b7fff28000000070087000000.ns1.brownswer.com","28","533:8230:393e:aad7:c5f6:e085:f83f:2980"
"cdn.d0a5730718000000070087000000.ns1.brownswer.com","28","11b:bb7f:fc9:d49e:8b76:308d:5db:892a"
"cdn.ba7fff470d0000000700a3020000.ns1.brownswer.com","28","87::"
"cdn.ba7fff4708000000070000000000.ns1.brownswer.com","28","30b:a216:c906:5b86:4b76:3812:ca0b:c0"
"cdn.cd7b7fff110000000700bf040000.ns1.brownswer.com","28","3c6:12d8:c2ba:1b17:1a33:e95:2d26:bc42"
"cdn.03aa42ea26000000070000000000.ns1.brownswer.com","28","87::"
"cdn.03aa42ea09000000070087000000.ns1.brownswer.com","28","101:b05:30:6831:b30:906:355:406"
"cdn.ba7fff4718000000070087000000.ns1.brownswer.com","28","46f:e4f3:67e6:40b:2ef4:ba0e:934d:5b0a"
"cdn.03aa42ea0d0000000700a3020000.ns1.brownswer.com","28","100:1a3:5330:5130:1d06:355:1d0e:416"
"cdn.d0a573070a00000007000e010000.ns1.brownswer.com","28","909:2a86:4886:f70d:101:105:3:8201"
"cdn.e5fab77208000000070000000000.ns1.brownswer.com","28","306:f155:6e1c:935:eb40:5c20:9b21:c0"
"cdn.cd7b7fff110000000700bf040000.ns1.brownswer.com","28","67e:739b:1ca2:4b7d:c421:8d28:26de:731d"
"cdn.cd7b7fff110000000700bf040000.ns1.brownswer.com","28","1ec:147b:829f:cb49:1a9:cbc9:f02a:88da"
"cdn.cd7b7fff0e00000007002a030000.ns1.brownswer.com","28","1a5:8a62:4583:e6be:2688:25cd:1501:bc8f"
"cdn.e5fab7720b000000070095010000.ns1.brownswer.com","28","608:ff4a:6368:d9ea:910b:136c:617b:47dd"
"cdn.03aa42ea17000000070000000000.ns1.brownswer.com","28","95a:235c:2776:762e:e7db:377f:d79a:fac5"
"cdn.e5fab772110000000700bf040000.ns1.brownswer.com","28","10c:7abe:e535:920a:6b58:b377:60c:8046"
"cdn.cd7b7fff0f0000000700b1030000.ns1.brownswer.com","28","35b:8f38:7bef:cb3a:e53d:2c01:b9f9:c485"
"cdn.ba7fff470a00000007000e010000.ns1.brownswer.com","28","131:3131:3430:365a:3068:310b:3009:603"
"cdn.e5fab7720b000000070095010000.ns1.brownswer.com","28","5aa:c160:92e8:59e4:56c2:1b9d:cd44:12ca"
"cdn.03aa42ea0c00000007001c020000.ns1.brownswer.com","28","84a:abf3:90df:e5c4:9203:ed5e:f37b:f871"
"cdn.ba7fff470f0000000700b1030000.ns1.brownswer.com","28","279:4cd9:58ed:5bfa:7c3a:b985:8a43:9bab"
"cdn.d0a5730717000000070000000000.ns1.brownswer.com","28","395:29eb:3e42:cb10:e658:da53:b927:f1ea"
"cdn.d0a5730708000000070000000000.ns1.brownswer.com","28","9ec:b8aa:7630:d06:92a:8648:86f7:d01"
"cdn.e5fab77212000000070046050000.ns1.brownswer.com","28","2::"
"cdn.cd7b7fff27000000070000000000.ns1.brownswer.com","28","517:7c56:410d:7b4f:7bc7:c318:d97:7e51"
"cdn.e5fab77226000000070000000000.ns1.brownswer.com","28","50b:9b3c:2958:3bb5:df75:22f0:61b:ad78"
"cdn.03aa42ea17000000070000000000.ns1.brownswer.com","28","5d9:2743:8408:3108:6740:ffb:e86f:d838"
"cdn.cd7b7fff09000000070087000000.ns1.brownswer.com","28","704:b0c:255:5531:c30:a06:355:403"
"cdn.cd7b7fff0d0000000700a3020000.ns1.brownswer.com","28","418:3016:8014:54ab:b688:99a2:e2a8:7946"
"cdn.cd7b7fff09000000070087000000.ns1.brownswer.com","28","516:3014:603:5504:a0c:d49:5053:4543"
"cdn.ba7fff470b000000070095010000.ns1.brownswer.com","28","3bb:fe9f:57fb:389c:8c33:2b93:f8b5:725c"
"cdn.d0a5730708000000070000000000.ns1.brownswer.com","28","87b:df82:4444:bfcc:faa9:38b6:f38d:bcd3"
"cdn.e5fab77227000000070087000000.ns1.brownswer.com","28","39b:30c9:d8b9:8df2:ceb8:c3c4:66a9:120a"
"cdn.d0a57307110000000700bf040000.ns1.brownswer.com","28","1b0:3505:ce48:8471:1546:7699:9a40:62d4"
"cdn.cd7b7fff27000000070000000000.ns1.brownswer.com","28","238:9e74:9e6b:580e:6240:ba0e:f7f7:5e2"
"cdn.ba7fff4717000000070000000000.ns1.brownswer.com","28","87::"
"cdn.03aa42ea0a00000007000e010000.ns1.brownswer.com","28","255:406:1302:4155:3111:300f:603:5504"
"cdn.03aa42ea0b000000070095010000.ns1.brownswer.com","28","765:9680:a48f:6b78:76ff:5e39:b473:e91c"
"cdn.ba7fff470b000000070095010000.ns1.brownswer.com","28","608:ff4a:6368:d9ea:910b:136c:617b:47dd"
"cdn.cd7b7fff0b000000070095010000.ns1.brownswer.com","28","471:c060:3a09:2618:3810:dad3:2572:e398"
"cdn.03aa42ea18000000070087000000.ns1.brownswer.com","28","44b:ec1b:de86:9b7:e2ae:c80:5e39:f4ea"
"cdn.ba7fff4709000000070087000000.ns1.brownswer.com","28","704:b0c:255:5531:c30:a06:355:403"
"cdn.cd7b7fff18000000070087000000.ns1.brownswer.com","28","7b::"
"cdn.d0a5730708000000070000000000.ns1.brownswer.com","28","87::"
"cdn.cd7b7fff08000000070000000000.ns1.brownswer.com","28","3bf:4ac2:ee07:cd9f:782c:8bb2:b686:c0"
"cdn.cd7b7fff0c00000007001c020000.ns1.brownswer.com","28","44e:c719:906:6c31:66bf:ba5b:9b0b:23bb"
"cdn.03aa42ea10000000070038040000.ns1.brownswer.com","28","2c0:a932:919d:3e2d:7a54:40e6:ff96:25f2"
"cdn.ba7fff470b000000070095010000.ns1.brownswer.com","28","10f:30:8201:a02:8201:100:c2f9:87b4"
"cdn.03aa42ea0a00000007000e010000.ns1.brownswer.com","28","909:2a86:4886:f70d:101:105:3:8201"
"cdn.e5fab7720b000000070095010000.ns1.brownswer.com","28","471:c060:3a09:2618:3810:dad3:2572:e398"
"cdn.cd7b7fff0b000000070095010000.ns1.brownswer.com","28","765:9680:a48f:6b78:76ff:5e39:b473:e91c"
"cdn.d0a5730718000000070087000000.ns1.brownswer.com","28","7b::"
"cdn.d0a573070a00000007000e010000.ns1.brownswer.com","28","706:355:40b:c02:5555:310c:300a:603"
"cdn.cd7b7fff0e00000007002a030000.ns1.brownswer.com","28","876:8f24:ad4a:30a:5546:ee43:1ee1:eb1c"
"cdn.03aa42ea0f0000000700b1030000.ns1.brownswer.com","28","120:fde8:d532:54b1:9aef:fe5d:88f4:a43a"
"cdn.03aa42ea0d0000000700a3020000.ns1.brownswer.com","28","204:1454:abb6:8899:a2e2:a879:4602:b507"
"cdn.d0a57307110000000700bf040000.ns1.brownswer.com","28","3f1:fd26:dcfa:abdd:3ab7:34fd:17bd:b8b1"
"cdn.cd7b7fff0c00000007001c020000.ns1.brownswer.com","28","682:f579:882d:28e8:805c:4f99:b2d9:2b3c"
"cdn.cd7b7fff0b000000070095010000.ns1.brownswer.com","28","2da:ac5:22ed:4d00:aeb8:9543:5e6f:d89c"
"cdn.ba7fff4710000000070038040000.ns1.brownswer.com","28","336:5fe:9c2b:f764:ed51:66b2:53a1:5065"
"cdn.03aa42ea0d0000000700a3020000.ns1.brownswer.com","28","709:2a86:4886:f70d:101:b05:3:8201"
"cdn.ba7fff470a00000007000e010000.ns1.brownswer.com","28","706:355:40b:c02:5555:310c:300a:603"
"cdn.03aa42ea18000000070087000000.ns1.brownswer.com","28","600:101:1603:300:28a9:6dd1:a74d:e5c9"
"cdn.e5fab77218000000070087000000.ns1.brownswer.com","28","5f3:3838:12ae:4096:53d7:76ea:4a14:303"
"cdn.d0a5730718000000070087000000.ns1.brownswer.com","28","2e0:26c3:1b42:bc1f:bfe3:7f58:c6ea:1041"
"cdn.cd7b7fff09000000070087000000.ns1.brownswer.com","28","620:7074:7920:6c64:7431:b30:906:355"
"cdn.03aa42ea0e00000007002a030000.ns1.brownswer.com","28","299:afab:70b8:204:e470:bf1d:627b:6643"
"cdn.d0a573070b000000070095010000.ns1.brownswer.com","28","765:9680:a48f:6b78:76ff:5e39:b473:e91c"
"cdn.ba7fff4709000000070087000000.ns1.brownswer.com","28","101:b05:30:6831:b30:906:355:406"
"cdn.03aa42ea0a00000007000e010000.ns1.brownswer.com","28","131:3131:3430:365a:3068:310b:3009:603"
"cdn.e5fab77208000000070000000000.ns1.brownswer.com","28","87b:df82:4444:bfcc:faa9:38b6:f38d:bcd3"
"cdn.e5fab772110000000700bf040000.ns1.brownswer.com","28","798:1e4b:5eb5:97d9:1a38:8286:3cc3:37d3"
"cdn.d0a573070c00000007001c020000.ns1.brownswer.com","28","5a9:6805:a85a:b155:b4db:2577:8ef1:8653"
"cdn.cd7b7fff0b000000070095010000.ns1.brownswer.com","28","3bb:fe9f:57fb:389c:8c33:2b93:f8b5:725c"
"cdn.cd7b7fff0b000000070095010000.ns1.brownswer.com","28","608:ff4a:6368:d9ea:910b:136c:617b:47dd"
"cdn.e5fab77209000000070087000000.ns1.brownswer.com","28","516:3014:603:5504:a0c:d49:5053:4543"
"cdn.d0a573070e00000007002a030000.ns1.brownswer.com","28","876:8f24:ad4a:30a:5546:ee43:1ee1:eb1c"
"cdn.e5fab7720b000000070095010000.ns1.brownswer.com","28","2da:ac5:22ed:4d00:aeb8:9543:5e6f:d89c"
"cdn.e5fab77226000000070000000000.ns1.brownswer.com","28","87::"
"cdn.03aa42ea17000000070000000000.ns1.brownswer.com","28","116:303:ca:400:c6::12c:c0"
"cdn.cd7b7fff18000000070087000000.ns1.brownswer.com","28","600:101:1603:300:28a3:c510:1afb:ed2b"
"cdn.ba7fff470c00000007001c020000.ns1.brownswer.com","28","84a:abf3:90df:e5c4:9203:ed5e:f37b:f871"
"cdn.e5fab7720b000000070095010000.ns1.brownswer.com","28","9f3:f05a:41a1:8cce:4610:4fb1:a85f:7233"
"cdn.cd7b7fff0a00000007000e010000.ns1.brownswer.com","28","131:3131:3430:365a:3068:310b:3009:603"
"cdn.d0a5730708000000070000000000.ns1.brownswer.com","28","430::19ff:100:100:0:0:b"
"cdn.e5fab77208000000070000000000.ns1.brownswer.com","28","603:303:bf0b:3:bb00:3b8:3:b530"
"cdn.e5fab77226000000070000000000.ns1.brownswer.com","28","8d0:d87c:ab6e:a337:aded:2ff2:bbdd:c1c"
"cdn.d0a573070e00000007002a030000.ns1.brownswer.com","28","3e5:21ed:58fc:9fa5:cf2:6a9b:f1da:fb88"
"cdn.cd7b7fff0d0000000700a3020000.ns1.brownswer.com","28","31e:2e4e:b8f0:80a9:301f:603:551d:2304"
"cdn.e5fab77227000000070087000000.ns1.brownswer.com","28","413:59e8:7263:ea88:e2b1:9173:6835:76cd"
"cdn.03aa42ea10000000070038040000.ns1.brownswer.com","28","7a2:5bf8:bfa:189d:e847:680f:ccca:e02d"
"cdn.ba7fff4709000000070087000000.ns1.brownswer.com","28","516:3014:603:5504:a0c:d49:5053:4543"
"cdn.ba7fff4709000000070087000000.ns1.brownswer.com","28","620:7074:7920:6c64:7431:b30:906:355"
"cdn.d0a573070e00000007002a030000.ns1.brownswer.com","28","935:cfc:b112:620:9afd:231f:6483:677"
"cdn.cd7b7fff0f0000000700b1030000.ns1.brownswer.com","28","6b7:7652:8690:7b75:c021:3a79:8413:46dd"
"cdn.d0a5730718000000070087000000.ns1.brownswer.com","28","38f:1bf6:30db:14:cb8a:7c91:7627:6014"
"cdn.d0a573070b000000070095010000.ns1.brownswer.com","28","87::"
"cdn.ba7fff470c00000007001c020000.ns1.brownswer.com","28","87::"
"cdn.cd7b7fff18000000070087000000.ns1.brownswer.com","28","5d7:8417:c322:2c34:73af:4668:2d14:303"
"cdn.03aa42ea09000000070087000000.ns1.brownswer.com","28","620:7074:7920:6c64:7431:b30:906:355"
"cdn.03aa42ea17000000070000000000.ns1.brownswer.com","28","653:6112:7247:6ee7:18e2:1f73:4b76:647c"
"cdn.cd7b7fff0e00000007002a030000.ns1.brownswer.com","28","3e5:21ed:58fc:9fa5:cf2:6a9b:f1da:fb88"
"cdn.03aa42ea110000000700bf040000.ns1.brownswer.com","28","8c4:38f6:7f2d:702e:1f11:4a7a:ce7:4f3f"
"cdn.cd7b7fff27000000070000000000.ns1.brownswer.com","28","117:303:cb:a3c5:101a:fbed:2b82:29cf"
"cdn.ba7fff4708000000070000000000.ns1.brownswer.com","28","430::19ff:100:100:0:0:b"
"cdn.cd7b7fff27000000070000000000.ns1.brownswer.com","28","635:16c2:d2d1:3225:62c7:ffc5:4109:3369"
"cdn.ba7fff4718000000070087000000.ns1.brownswer.com","28","7b::"
"cdn.e5fab77227000000070087000000.ns1.brownswer.com","28","2b4:f39:dc62:342d:afa5:8018:fbdb:d6c5"
"cdn.ba7fff470b000000070095010000.ns1.brownswer.com","28","87::"
"cdn.e5fab77226000000070000000000.ns1.brownswer.com","28","24d:4fde:a25d:b3dd:d02b:ca0:b144:37b5"
"cdn.d0a57307110000000700bf040000.ns1.brownswer.com","28","8ae:720f:22db:f232:b5e4:8324:bb84:f2c8"
"cdn.cd7b7fff0a00000007000e010000.ns1.brownswer.com","28","573:7431:1630:1406:355:40a:c0d:4950"
"cdn.cd7b7fff27000000070000000000.ns1.brownswer.com","28","863:33fe:d615:1373:9af1:81fc:5049:ebe9"
"cdn.ba7fff470e00000007002a030000.ns1.brownswer.com","28","87::"
"cdn.cd7b7fff0d0000000700a3020000.ns1.brownswer.com","28","9ad:6bf7:c229:3740:4d05:b329:1771:c0a6"
"cdn.03aa42ea18000000070087000000.ns1.brownswer.com","28","51c:2ebe:88a9:1c83:fb87:a8ec:2114:303"
"cdn.03aa42ea08000000070000000000.ns1.brownswer.com","28","87::"
"cdn.03aa42ea12000000070046050000.ns1.brownswer.com","28","2::"
"cdn.e5fab7720d0000000700a3020000.ns1.brownswer.com","28","61d:1301:1ff:405:3003:101:ff30:d06"
"cdn.e5fab77218000000070087000000.ns1.brownswer.com","28","326:457:c522:7a3f:42f5:902e:394c:ee5e"
"cdn.cd7b7fff28000000070087000000.ns1.brownswer.com","28","40a:f0c4:179d:959d:b09e:a412:63da:2980"
"cdn.d0a573070c00000007001c020000.ns1.brownswer.com","28","269:acdd:965:5482:3d04:d35a:64e9:d19e"
"cdn.e5fab77208000000070000000000.ns1.brownswer.com","28","430::19ff:100:100:0:0:b"
"cdn.03aa42ea0e00000007002a030000.ns1.brownswer.com","28","876:8f24:ad4a:30a:5546:ee43:1ee1:eb1c"
"cdn.e5fab77218000000070087000000.ns1.brownswer.com","28","600:101:1603:300:28e9:c1b0:3fb1:1745"
"cdn.e5fab772110000000700bf040000.ns1.brownswer.com","28","494:b29d:c127:5f06:481f:4ea1:f421:a49c"
"cdn.d0a5730708000000070000000000.ns1.brownswer.com","28","251:991c:296e:3b00:dfa0:754a:f910:8aa0"
"cdn.e5fab77210000000070038040000.ns1.brownswer.com","28","87::"
"cdn.03aa42ea0b000000070095010000.ns1.brownswer.com","28","3bb:fe9f:57fb:389c:8c33:2b93:f8b5:725c"
"cdn.03aa42ea110000000700bf040000.ns1.brownswer.com","28","325:9d4:fd8d:7d5a:18a:1a68:4fbb:6839"
"cdn.cd7b7fff17000000070000000000.ns1.brownswer.com","28","776:fb7f:bab9:57b4:eac2:7511:1b0e:d990"
"cdn.03aa42ea0e00000007002a030000.ns1.brownswer.com","28","6b4:ecd4:e09e:679e:a376:d1a4:d73:97b8"
"cdn.e5fab7720d0000000700a3020000.ns1.brownswer.com","28","801:4:ac41:6e84:df32:7383:dd3e:53f"
"cdn.03aa42ea0b000000070095010000.ns1.brownswer.com","28","9f3:f05a:41a1:8cce:4610:4fb1:a85f:7233"
"cdn.03aa42ea18000000070087000000.ns1.brownswer.com","28","216:d52b:3625:a1b0:6bc3:b4f9:e078:4822"
"cdn.03aa42ea0b000000070095010000.ns1.brownswer.com","28","8ea:294c:4ec9:56f5:2e4a:2ef5:6fab:6f59"
"cdn.cd7b7fff09000000070087000000.ns1.brownswer.com","28","213:241:5531:1130:f06:355:408:c08"
"cdn.d0a573070a00000007000e010000.ns1.brownswer.com","28","87::"
"cdn.d0a573070b000000070095010000.ns1.brownswer.com","28","471:c060:3a09:2618:3810:dad3:2572:e398"
"cdn.d0a5730709000000070087000000.ns1.brownswer.com","28","80c:341:5555:301e:170d:3233:3035:3137"
"cdn.e5fab77227000000070087000000.ns1.brownswer.com","28","1ad:75e7:5575:8455:90d2:db7f:b94a:fece"
"cdn.ba7fff470c00000007001c020000.ns1.brownswer.com","28","9f5:b968:b27d:75eb:d3c:f88e:1d02:301"
"cdn.d0a573070c00000007001c020000.ns1.brownswer.com","28","84a:abf3:90df:e5c4:9203:ed5e:f37b:f871"
"cdn.cd7b7fff0d0000000700a3020000.ns1.brownswer.com","28","709:2a86:4886:f70d:101:b05:3:8201"
"cdn.cd7b7fff0c00000007001c020000.ns1.brownswer.com","28","30f:114b:e50c:cdd2:35ec:5d54:5c6b:67da"
"cdn.ba7fff4717000000070000000000.ns1.brownswer.com","28","5f6:e37f:3398:35c2:788:21cf:d0ef:27bb"
"cdn.e5fab7720f0000000700b1030000.ns1.brownswer.com","28","586:bdb7:62ad:e8a9:ebc1:dca8:60a:cb0d"
"cdn.cd7b7fff110000000700bf040000.ns1.brownswer.com","28","49d:f513:78d:4b09:6977:820d:c6:9353"
"cdn.03aa42ea17000000070000000000.ns1.brownswer.com","28","395:29ff:4963:9419:fe6b:a7a2:3ef6:26b2"
"cdn.e5fab772110000000700bf040000.ns1.brownswer.com","28","951:52de:b886:d445:4416:303:4:e00"
"cdn.d0a573070b000000070095010000.ns1.brownswer.com","28","8ea:294c:4ec9:56f5:2e4a:2ef5:6fab:6f59"
"cdn.d0a5730709000000070087000000.ns1.brownswer.com","28","516:3014:603:5504:a0c:d49:5053:4543"
"cdn.d0a5730708000000070000000000.ns1.brownswer.com","28","782:3b1:3082:299:a003:201:202:1413"
"cdn.ba7fff4709000000070087000000.ns1.brownswer.com","28","213:241:5531:1130:f06:355:408:c08"
"cdn.cd7b7fff17000000070000000000.ns1.brownswer.com","28","87::"
"cdn.e5fab7720f0000000700b1030000.ns1.brownswer.com","28","4af:9d73:acc7:e5b2:b656:4a73:c052:ba1c"
"cdn.ba7fff4718000000070087000000.ns1.brownswer.com","28","301:c64c:2be0:84a5:1a04:b4f:7b54:b63d"
"cdn.ba7fff470a00000007000e010000.ns1.brownswer.com","28","573:7431:1630:1406:355:40a:c0d:4950"
"cdn.ba7fff470b000000070095010000.ns1.brownswer.com","28","9f3:f05a:41a1:8cce:4610:4fb1:a85f:7233"
"cdn.ba7fff470c00000007001c020000.ns1.brownswer.com","28","269:acdd:965:5482:3d04:d35a:64e9:d19e"
"cdn.cd7b7fff0c00000007001c020000.ns1.brownswer.com","28","5a9:6805:a85a:b155:b4db:2577:8ef1:8653"
"cdn.ba7fff470d0000000700a3020000.ns1.brownswer.com","28","61d:1301:1ff:405:3003:101:ff30:d06"
"cdn.e5fab77209000000070087000000.ns1.brownswer.com","28","620:7074:7920:6c64:7431:b30:906:355"
"cdn.e5fab7720d0000000700a3020000.ns1.brownswer.com","28","418:3016:8014:54ab:b688:99a2:e2a8:7946"
"cdn.e5fab7720e00000007002a030000.ns1.brownswer.com","28","791:e028:c950:6bb:8dbf:65bb:b48d:c698"
"cdn.e5fab77210000000070038040000.ns1.brownswer.com","28","3a7:f1ce:7df1:1b98:fb7d:62e9:2141:53d2"
"cdn.cd7b7fff110000000700bf040000.ns1.brownswer.com","28","86d:a852:4277:ce24:fe78:976f:2aa3:2442"
"cdn.03aa42ea08000000070000000000.ns1.brownswer.com","28","782:3b1:3082:299:a003:201:202:1413"
"cdn.03aa42ea0b000000070095010000.ns1.brownswer.com","28","10f:30:8201:a02:8201:100:c2f9:87b4"
"cdn.03aa42ea0b000000070095010000.ns1.brownswer.com","28","5aa:c160:92e8:59e4:56c2:1b9d:cd44:12ca"
"cdn.e5fab7720c00000007001c020000.ns1.brownswer.com","28","707:20d7:b13f:a4c4:f6ae:fce1:5c63:3cde"
"cdn.ba7fff470c00000007001c020000.ns1.brownswer.com","28","707:20d7:b13f:a4c4:f6ae:fce1:5c63:3cde"
"cdn.cd7b7fff18000000070087000000.ns1.brownswer.com","28","381:5b43:8090:b603:3824:7cb9:18cf:f96d"
"cdn.ba7fff4709000000070087000000.ns1.brownswer.com","28","80c:341:5555:301e:170d:3233:3035:3137"
"cdn.e5fab77218000000070087000000.ns1.brownswer.com","28","852:3785:def1:4588:9439:9006:cc54:b34f"
"cdn.e5fab77218000000070087000000.ns1.brownswer.com","28","1a4:521c:4596:7981:fd8f:d19a:f1a7:be65"
"cdn.e5fab7720b000000070095010000.ns1.brownswer.com","28","3bb:fe9f:57fb:389c:8c33:2b93:f8b5:725c"
"cdn.d0a573070b000000070095010000.ns1.brownswer.com","28","2da:ac5:22ed:4d00:aeb8:9543:5e6f:d89c"
"cdn.ba7fff470e00000007002a030000.ns1.brownswer.com","28","6b4:ecd4:e09e:679e:a376:d1a4:d73:97b8"
"cdn.e5fab7720c00000007001c020000.ns1.brownswer.com","28","269:acdd:965:5482:3d04:d35a:64e9:d19e"
"cdn.ba7fff470e00000007002a030000.ns1.brownswer.com","28","935:cfc:b112:620:9afd:231f:6483:677"
"cdn.e5fab7720a00000007000e010000.ns1.brownswer.com","28","909:2a86:4886:f70d:101:105:3:8201"
"cdn.cd7b7fff27000000070000000000.ns1.brownswer.com","28","4fa:2e3:4911:3caf:3def:9015:c81c:313a"
"cdn.d0a573070e00000007002a030000.ns1.brownswer.com","28","87::"
"cdn.cd7b7fff0f0000000700b1030000.ns1.brownswer.com","28","4af:9d73:acc7:e5b2:b656:4a73:c052:ba1c"
"cdn.cd7b7fff27000000070000000000.ns1.brownswer.com","28","787:67a7:512e:daa9:78bf:d949:bef4:49de"
"cdn.e5fab7720a00000007000e010000.ns1.brownswer.com","28","87::"
"cdn.ba7fff470d0000000700a3020000.ns1.brownswer.com","28","418:3016:8014:54ab:b688:99a2:e2a8:7946"
"cdn.03aa42ea18000000070087000000.ns1.brownswer.com","28","313:dff4:6421:7cc6:3b50:9fde:10ec:333a"
"cdn.d0a57307110000000700bf040000.ns1.brownswer.com","28","208:be1a:4588:85b6:9f91:a0dc:f87c:3f1c"
"cdn.d0a5730712000000070046050000.ns1.brownswer.com","28","2::"
"cdn.cd7b7fff0c00000007001c020000.ns1.brownswer.com","28","707:20d7:b13f:a4c4:f6ae:fce1:5c63:3cde"
"cdn.ba7fff47110000000700bf040000.ns1.brownswer.com","28","747:b475:13fa:4a40:36eb:119e:c803:c8fa"
"cdn.03aa42ea0d0000000700a3020000.ns1.brownswer.com","28","801:4:ac41:6e84:df32:7383:dd3e:53f"
"cdn.cd7b7fff08000000070000000000.ns1.brownswer.com","28","87::"
"cdn.cd7b7fff08000000070000000000.ns1.brownswer.com","28","500:403:1:200:2300::1700:16"
"cdn.ba7fff470b000000070095010000.ns1.brownswer.com","28","471:c060:3a09:2618:3810:dad3:2572:e398"
"cdn.03aa42ea26000000070000000000.ns1.brownswer.com","28","4a3:3c56:74c8:355c:da73:b82a:7f3c:f269"
"cdn.03aa42ea0c00000007001c020000.ns1.brownswer.com","28","707:20d7:b13f:a4c4:f6ae:fce1:5c63:3cde"
"cdn.03aa42ea27000000070087000000.ns1.brownswer.com","28","1ab:8c39:d047:9dce:af31:3979:296a:507b"
"cdn.03aa42ea0c00000007001c020000.ns1.brownswer.com","28","682:f579:882d:28e8:805c:4f99:b2d9:2b3c"
"cdn.ba7fff47110000000700bf040000.ns1.brownswer.com","28","87::"
"cdn.e5fab7720d0000000700a3020000.ns1.brownswer.com","28","87::"
"cdn.e5fab7720d0000000700a3020000.ns1.brownswer.com","28","9ad:6bf7:c229:3740:4d05:b329:1771:c0a6"
"cdn.ba7fff4718000000070087000000.ns1.brownswer.com","28","71f:460a:aa0c:ccae:4d42:97e8:da7f:d53e"
"cdn.e5fab7720e00000007002a030000.ns1.brownswer.com","28","87::"
"cdn.ba7fff470e00000007002a030000.ns1.brownswer.com","28","1a5:8a62:4583:e6be:2688:25cd:1501:bc8f"
"cdn.cd7b7fff0b000000070095010000.ns1.brownswer.com","28","5aa:c160:92e8:59e4:56c2:1b9d:cd44:12ca"
"cdn.03aa42ea0e00000007002a030000.ns1.brownswer.com","28","791:e028:c950:6bb:8dbf:65bb:b48d:c698"
"cdn.d0a5730712000000070046050000.ns1.brownswer.com","28","100::"
"cdn.ba7fff470a00000007000e010000.ns1.brownswer.com","28","255:406:1302:4155:3111:300f:603:5504"
"cdn.03aa42ea0f0000000700b1030000.ns1.brownswer.com","28","279:4cd9:58ed:5bfa:7c3a:b985:8a43:9bab"
"cdn.d0a573070c00000007001c020000.ns1.brownswer.com","28","44e:c719:906:6c31:66bf:ba5b:9b0b:23bb"
"cdn.ba7fff470e00000007002a030000.ns1.brownswer.com","28","3e5:21ed:58fc:9fa5:cf2:6a9b:f1da:fb88"
"cdn.e5fab7720a00000007000e010000.ns1.brownswer.com","28","406:355:407:c0a:474f:6c64:2043:4f61"
"cdn.e5fab7720c00000007001c020000.ns1.brownswer.com","28","87::"
"cdn.03aa42ea17000000070000000000.ns1.brownswer.com","28","28e:28c9:c29b:ef49:b3fd:b909:4067:6e3c"
"cdn.cd7b7fff17000000070000000000.ns1.brownswer.com","28","4c3:1bca:e3b3:501b:340f:122c:5f74:2404"
"cdn.ba7fff47110000000700bf040000.ns1.brownswer.com","28","65f:a5bd:6b66:40c8:3fee:dc72:cace:fa90"
"cdn.cd7b7fff09000000070087000000.ns1.brownswer.com","28","80c:341:5555:301e:170d:3233:3035:3137"
"cdn.e5fab77226000000070000000000.ns1.brownswer.com","28","6f7:b459:446e:15f6:60ff:340c:6787:4dbc"
"cdn.e5fab7720a00000007000e010000.ns1.brownswer.com","28","573:7431:1630:1406:355:40a:c0d:4950"
"cdn.e5fab7720c00000007001c020000.ns1.brownswer.com","28","682:f579:882d:28e8:805c:4f99:b2d9:2b3c"
"cdn.e5fab7720d0000000700a3020000.ns1.brownswer.com","28","204:1454:abb6:8899:a2e2:a879:4602:b507"
"cdn.d0a573070a00000007000e010000.ns1.brownswer.com","28","573:7431:1630:1406:355:40a:c0d:4950"
"cdn.e5fab7720c00000007001c020000.ns1.brownswer.com","28","1e7:f91d:3040:f7d2:7fcd:7306:6732:d572"
"cdn.03aa42ea12000000070046050000.ns1.brownswer.com","28","100::"
"cdn.d0a573070a00000007000e010000.ns1.brownswer.com","28","131:3131:3430:365a:3068:310b:3009:603"
"cdn.03aa42ea0e00000007002a030000.ns1.brownswer.com","28","935:cfc:b112:620:9afd:231f:6483:677"
"cdn.d0a57307110000000700bf040000.ns1.brownswer.com","28","87::"
"cdn.cd7b7fff08000000070000000000.ns1.brownswer.com","28","603:303:bf0b:3:bb00:3b8:3:b530"
"cdn.ba7fff470e00000007002a030000.ns1.brownswer.com","28","299:afab:70b8:204:e470:bf1d:627b:6643"
"cdn.ba7fff470d0000000700a3020000.ns1.brownswer.com","28","502:b507:1e2e:4eb8:f080:a930:f06:355"
"cdn.ba7fff4709000000070087000000.ns1.brownswer.com","28","87::"
"cdn.03aa42ea0d0000000700a3020000.ns1.brownswer.com","28","31e:2e4e:b8f0:80a9:301f:603:551d:2304"
"cdn.ba7fff4718000000070087000000.ns1.brownswer.com","28","600:101:1603:300:289d:a1e9:7610:f7c2"
"cdn.ba7fff47110000000700bf040000.ns1.brownswer.com","28","503:b91d:d641:c9fa:3c0e:965a:9a1a:ac52"
"cdn.ba7fff4718000000070087000000.ns1.brownswer.com","28","848:4b25:1654:37f3:aec8:29d2:f23f:c88f"
"cdn.cd7b7fff12000000070046050000.ns1.brownswer.com","28","100::"
"cdn.03aa42ea09000000070087000000.ns1.brownswer.com","28","931:3131:3430:365a:170d:3234:3035:3136"
"cdn.d0a5730709000000070087000000.ns1.brownswer.com","28","620:7074:7920:6c64:7431:b30:906:355"
"cdn.d0a57307110000000700bf040000.ns1.brownswer.com","28","5b5:a2ac:cdf0:acc8:fa71:ed62:698f:c8ed"
"cdn.ba7fff4709000000070087000000.ns1.brownswer.com","28","931:3131:3430:365a:170d:3234:3035:3136"
"cdn.03aa42ea0c00000007001c020000.ns1.brownswer.com","28","44e:c719:906:6c31:66bf:ba5b:9b0b:23bb"
"cdn.cd7b7fff0d0000000700a3020000.ns1.brownswer.com","28","100:1a3:5330:5130:1d06:355:1d0e:416"
"cdn.cd7b7fff17000000070000000000.ns1.brownswer.com","28","9d1:beb4:81c8:dd60:57fb:be33:1e34:f2ed"
"cdn.ba7fff47110000000700bf040000.ns1.brownswer.com","28","938:5555:8210:48f8:3416:303:4:e00"
"cdn.ba7fff470e00000007002a030000.ns1.brownswer.com","28","515:3e1a:f2fa:94b4:8ea1:8fa0:bcad:9753"
"cdn.ba7fff4717000000070000000000.ns1.brownswer.com","28","63a:e6e7:c7e6:880d:70b1:f691:bc79:6337"
"cdn.e5fab77209000000070087000000.ns1.brownswer.com","28","931:3131:3430:365a:170d:3234:3035:3136"
"cdn.cd7b7fff0e00000007002a030000.ns1.brownswer.com","28","791:e028:c950:6bb:8dbf:65bb:b48d:c698"
"cdn.cd7b7fff0c00000007001c020000.ns1.brownswer.com","28","9f5:b968:b27d:75eb:d3c:f88e:1d02:301"
"cdn.d0a5730718000000070087000000.ns1.brownswer.com","28","7e7:fe4a:be29:7148:2a91:c1ef:5417:5735"
"cdn.e5fab77218000000070087000000.ns1.brownswer.com","28","994:c74d:def1:4588:9439:9006:cc54:b34f"
"cdn.03aa42ea17000000070000000000.ns1.brownswer.com","28","4f3:7469:af7d:2d52:5ba:2cf0:26cc:4594"
"cdn.e5fab77210000000070038040000.ns1.brownswer.com","28","42e:89d5:97ac:31d4:3bd0:258b:6b14:9469"
"cdn.ba7fff470e00000007002a030000.ns1.brownswer.com","28","791:e028:c950:6bb:8dbf:65bb:b48d:c698"
"cdn.ba7fff470a00000007000e010000.ns1.brownswer.com","28","406:355:407:c0a:474f:6c64:2043:4f61"
"cdn.ba7fff4710000000070038040000.ns1.brownswer.com","28","1c3:b614:804:100:3922:e6a0:103d:d6b8"
"cdn.03aa42ea0c00000007001c020000.ns1.brownswer.com","28","1e7:f91d:3040:f7d2:7fcd:7306:6732:d572"
"cdn.e5fab7720a00000007000e010000.ns1.brownswer.com","28","255:406:1302:4155:3111:300f:603:5504"
"cdn.d0a5730717000000070000000000.ns1.brownswer.com","28","579:76b0:9147:178b:c246:8ea9:9099:8c73"
"cdn.03aa42ea26000000070000000000.ns1.brownswer.com","28","117:303:cb:a96d:d1a7:4de5:c9c6:5815"
"cdn.cd7b7fff0f0000000700b1030000.ns1.brownswer.com","28","279:4cd9:58ed:5bfa:7c3a:b985:8a43:9bab"
"cdn.ba7fff47110000000700bf040000.ns1.brownswer.com","28","32b:ea0f:fcd3:47cf:6dc0:9686:c6a8:4904"
"cdn.03aa42ea110000000700bf040000.ns1.brownswer.com","28","7cf:f5a0:e6af:ea6e:31e2:8c6:1adf:eb61"
"cdn.d0a573070c00000007001c020000.ns1.brownswer.com","28","1e7:f91d:3040:f7d2:7fcd:7306:6732:d572"
"cdn.ba7fff470d0000000700a3020000.ns1.brownswer.com","28","31e:2e4e:b8f0:80a9:301f:603:551d:2304"
"cdn.d0a5730718000000070087000000.ns1.brownswer.com","28","57c:1c93:9476:1199:e3cc:46f8:6c14:303"
"cdn.d0a573070a00000007000e010000.ns1.brownswer.com","28","406:355:407:c0a:474f:6c64:2043:4f61"
"cdn.cd7b7fff0a00000007000e010000.ns1.brownswer.com","28","909:2a86:4886:f70d:101:105:3:8201"
"cdn.ba7fff4708000000070000000000.ns1.brownswer.com","28","9ec:b8aa:7630:d06:92a:8648:86f7:d01"
"cdn.03aa42ea10000000070038040000.ns1.brownswer.com","28","939:817e:ce9a:19b8:8746:767a:d9ee:9e23"
"cdn.03aa42ea27000000070087000000.ns1.brownswer.com","28","49::"
"cdn.d0a5730709000000070087000000.ns1.brownswer.com","28","404:70c:a47:4f6c:6420:434f:6173:7431"
"cdn.ba7fff470f0000000700b1030000.ns1.brownswer.com","28","9f6:3a9:3f7b:447b:98bb:d12a:ff3f:64d7"
"cdn.03aa42ea110000000700bf040000.ns1.brownswer.com","28","9f1:e1d1:5b08:1baa:f916:303:4:e00"
"cdn.ba7fff470b000000070095010000.ns1.brownswer.com","28","2da:ac5:22ed:4d00:aeb8:9543:5e6f:d89c"
"cdn.cd7b7fff0f0000000700b1030000.ns1.brownswer.com","28","120:fde8:d532:54b1:9aef:fe5d:88f4:a43a"
"cdn.e5fab77218000000070087000000.ns1.brownswer.com","28","7b::"
"cdn.e5fab77209000000070087000000.ns1.brownswer.com","28","80c:341:5555:301e:170d:3233:3035:3137"
"cdn.e5fab7720a00000007000e010000.ns1.brownswer.com","28","308:c08:4272:6973:6261:6e65:3113:3011"
"cdn.e5fab7720e00000007002a030000.ns1.brownswer.com","28","1a5:8a62:4583:e6be:2688:25cd:1501:bc8f"
"cdn.e5fab7720c00000007001c020000.ns1.brownswer.com","28","44e:c719:906:6c31:66bf:ba5b:9b0b:23bb"
"cdn.ba7fff470a00000007000e010000.ns1.brownswer.com","28","308:c08:4272:6973:6261:6e65:3113:3011"
"cdn.ba7fff4708000000070000000000.ns1.brownswer.com","28","500:403:1:200:2300::1700:16"
"cdn.03aa42ea08000000070000000000.ns1.brownswer.com","28","116:303:45:200:41:303:1ad:a737"
"cdn.03aa42ea0c00000007001c020000.ns1.brownswer.com","28","30f:114b:e50c:cdd2:35ec:5d54:5c6b:67da"
"cdn.03aa42ea0e00000007002a030000.ns1.brownswer.com","28","451:e9ba:4a1e:8458:a87a:26f2:2459:bba9"
"cdn.cd7b7fff0c00000007001c020000.ns1.brownswer.com","28","1e7:f91d:3040:f7d2:7fcd:7306:6732:d572"
"cdn.cd7b7fff18000000070087000000.ns1.brownswer.com","28","781:1872:833a:b510:da0f:bec2:1969:3d88"
"cdn.ba7fff470a00000007000e010000.ns1.brownswer.com","28","653:4543:2070:7479:206c:6474:310b:3009"
"cdn.e5fab7720f0000000700b1030000.ns1.brownswer.com","28","87::"
"cdn.03aa42ea26000000070000000000.ns1.brownswer.com","28","924:d029:985e:9f52:21bf:ae24:dc43:4395"
"cdn.ba7fff4710000000070038040000.ns1.brownswer.com","28","4f4:b8f7:28f7:6de9:3226:2a53:4b42:805b"
"cdn.cd7b7fff27000000070000000000.ns1.brownswer.com","28","983:4957:6908:9e1d:2775:8865:bbf5:aed9"
"cdn.ba7fff470d0000000700a3020000.ns1.brownswer.com","28","204:1454:abb6:8899:a2e2:a879:4602:b507"
"cdn.03aa42ea26000000070000000000.ns1.brownswer.com","28","228:fcb4:7bda:38b6:a275:837b:d0ce:46d4"
"cdn.d0a573070e00000007002a030000.ns1.brownswer.com","28","791:e028:c950:6bb:8dbf:65bb:b48d:c698"
"cdn.e5fab7720a00000007000e010000.ns1.brownswer.com","28","855:403:c03:4155:5530:8201:2230:d06"
"cdn.cd7b7fff28000000070087000000.ns1.brownswer.com","28","30c:d508:2015:cd0d:f477:4480:68e:5b75"
"cdn.03aa42ea0d0000000700a3020000.ns1.brownswer.com","28","61d:1301:1ff:405:3003:101:ff30:d06"
"cdn.cd7b7fff08000000070000000000.ns1.brownswer.com","28","430::19ff:100:100:0:0:b"
"cdn.03aa42ea18000000070087000000.ns1.brownswer.com","28","117:3cc4:dc76:bceb:fd5:c1cb:d4:c351"
"cdn.e5fab7720e00000007002a030000.ns1.brownswer.com","28","876:8f24:ad4a:30a:5546:ee43:1ee1:eb1c"
"cdn.03aa42ea10000000070038040000.ns1.brownswer.com","28","3d9:e740:a11c:cce2:517c:154a:3019:4319"
"cdn.cd7b7fff110000000700bf040000.ns1.brownswer.com","28","941:7d2f:fd18:9c74:e516:303:4:e00"
"cdn.cd7b7fff0f0000000700b1030000.ns1.brownswer.com","28","7c0:1555:1603:301:2c0c:1:2803:1d"
"cdn.cd7b7fff28000000070087000000.ns1.brownswer.com","28","49::"
"cdn.ba7fff470f0000000700b1030000.ns1.brownswer.com","28","35b:8f38:7bef:cb3a:e53d:2c01:b9f9:c485"
"cdn.cd7b7fff18000000070087000000.ns1.brownswer.com","28","8f3:d3fa:2b71:2809:818c:642c:7362:fe9"
"cdn.d0a573070c00000007001c020000.ns1.brownswer.com","28","682:f579:882d:28e8:805c:4f99:b2d9:2b3c"
"cdn.e5fab77210000000070038040000.ns1.brownswer.com","28","1b2:c279:804:100:b29d:5b84:10c5:2317"
"cdn.03aa42ea0d0000000700a3020000.ns1.brownswer.com","28","87::"
"cdn.cd7b7fff09000000070087000000.ns1.brownswer.com","28","101:b05:30:6831:b30:906:355:406"
"cdn.ba7fff4708000000070000000000.ns1.brownswer.com","28","116:303:45:200:41:303:9f77:6e5d"
"cdn.03aa42ea0a00000007000e010000.ns1.brownswer.com","28","706:355:40b:c02:5555:310c:300a:603"
"cdn.03aa42ea17000000070000000000.ns1.brownswer.com","28","8b2:85d3:53b6:88bd:666d:b93:8c35:fc65"
"cdn.03aa42ea0e00000007002a030000.ns1.brownswer.com","28","1a5:8a62:4583:e6be:2688:25cd:1501:bc8f"
"cdn.03aa42ea0d0000000700a3020000.ns1.brownswer.com","28","418:3016:8014:54ab:b688:99a2:e2a8:7946"
"cdn.d0a5730718000000070087000000.ns1.brownswer.com","28","8fe:488a:e096:63fe:4832:2199:b6e9:ce37"
"cdn.03aa42ea26000000070000000000.ns1.brownswer.com","28","540:c64e:3804:7a1f:ab48:6e0:c4bd:abc4"
"cdn.03aa42ea0f0000000700b1030000.ns1.brownswer.com","28","4af:9d73:acc7:e5b2:b656:4a73:c052:ba1c"
"cdn.03aa42ea0e00000007002a030000.ns1.brownswer.com","28","515:3e1a:f2fa:94b4:8ea1:8fa0:bcad:9753"
"cdn.e5fab77218000000070087000000.ns1.brownswer.com","28","7be:2a17:9502:6611:8d2f:df8b:a25a:a2d1"
"cdn.e5fab77208000000070000000000.ns1.brownswer.com","28","500:403:1:200:2300::1700:16"
"cdn.e5fab77208000000070000000000.ns1.brownswer.com","28","782:3b1:3082:299:a003:201:202:1413"
"cdn.cd7b7fff0e00000007002a030000.ns1.brownswer.com","28","451:e9ba:4a1e:8458:a87a:26f2:2459:bba9"
"cdn.ba7fff4710000000070038040000.ns1.brownswer.com","28","857:9c5c:4b1a:28c0:91fe:efed:9c7b:e0bf"
"cdn.ba7fff470f0000000700b1030000.ns1.brownswer.com","28","820:8458:2149:4732:23f1:a9a2:2682:3a50"
"cdn.d0a573070a00000007000e010000.ns1.brownswer.com","28","308:c08:4272:6973:6261:6e65:3113:3011"
"cdn.03aa42ea110000000700bf040000.ns1.brownswer.com","28","63b:f532:5e37:ae25:bd73:cb21:6171:4923"
"cdn.e5fab7720e00000007002a030000.ns1.brownswer.com","28","299:afab:70b8:204:e470:bf1d:627b:6643"
"cdn.d0a5730718000000070087000000.ns1.brownswer.com","28","943:df3c:e096:63fe:4832:2199:b6e9:ce37"
"cdn.ba7fff4708000000070000000000.ns1.brownswer.com","28","603:303:bf0b:3:bb00:3b8:3:b530"
"cdn.e5fab77210000000070038040000.ns1.brownswer.com","28","291:6260:d799:9025:e41e:c1ea:7732:db62"
"cdn.e5fab77227000000070087000000.ns1.brownswer.com","28","544:2b58:865d:64e2:27f7:73ba:b494:76cd"
"cdn.03aa42ea0b000000070095010000.ns1.brownswer.com","28","471:c060:3a09:2618:3810:dad3:2572:e398"
"cdn.ba7fff470f0000000700b1030000.ns1.brownswer.com","28","586:bdb7:62ad:e8a9:ebc1:dca8:60a:cb0d"
"cdn.e5fab7720c00000007001c020000.ns1.brownswer.com","28","30f:114b:e50c:cdd2:35ec:5d54:5c6b:67da"
"cdn.cd7b7fff0a00000007000e010000.ns1.brownswer.com","28","653:4543:2070:7479:206c:6474:310b:3009"
"cdn.cd7b7fff09000000070087000000.ns1.brownswer.com","28","931:3131:3430:365a:170d:3234:3035:3136"
"cdn.e5fab77210000000070038040000.ns1.brownswer.com","28","51d:b949:e97d:dcf:7252:145f:7056:e02c"
"cdn.03aa42ea08000000070000000000.ns1.brownswer.com","28","430::19ff:100:100:0:0:b"
"cdn.ba7fff47110000000700bf040000.ns1.brownswer.com","28","230:fb0a:2c06:3844:f280:63b0:45df:cac"
"cdn.e5fab7720a00000007000e010000.ns1.brownswer.com","28","653:4543:2070:7479:206c:6474:310b:3009"
"cdn.cd7b7fff0e00000007002a030000.ns1.brownswer.com","28","299:afab:70b8:204:e470:bf1d:627b:6643"
"cdn.ba7fff470f0000000700b1030000.ns1.brownswer.com","28","7c0:1555:1603:301:2c0c:1:2803:1d"
"cdn.cd7b7fff18000000070087000000.ns1.brownswer.com","28","1f2:c64a:a3a2:53ca:f00c:9725:c494:9a0"
"cdn.cd7b7fff08000000070000000000.ns1.brownswer.com","28","261:1755:5067:d8d4:8842:e787:f9ff:83e0"
"cdn.ba7fff470e00000007002a030000.ns1.brownswer.com","28","876:8f24:ad4a:30a:5546:ee43:1ee1:eb1c"
"cdn.e5fab7720b000000070095010000.ns1.brownswer.com","28","87::"
"cdn.03aa42ea0f0000000700b1030000.ns1.brownswer.com","28","820:dc4e:8ada:3be9:2463:59a5:ce72:1c8a"
"cdn.e5fab77212000000070046050000.ns1.brownswer.com","28","100::"
"cdn.03aa42ea0b000000070095010000.ns1.brownswer.com","28","608:ff4a:6368:d9ea:910b:136c:617b:47dd"
"cdn.cd7b7fff08000000070000000000.ns1.brownswer.com","28","87b:df82:4444:bfcc:faa9:38b6:f38d:bcd3"
"cdn.cd7b7fff17000000070000000000.ns1.brownswer.com","28","395:fd44:a175:2634:7d68:6b0f:ad4b:3ea4"
"cdn.03aa42ea27000000070087000000.ns1.brownswer.com","28","435:1c9a:e0ff:ea9:ead4:d51e:a1eb:e1db"
"cdn.ba7fff470a00000007000e010000.ns1.brownswer.com","28","855:403:c03:4155:5530:8201:2230:d06"
"cdn.e5fab7720b000000070095010000.ns1.brownswer.com","28","10f:30:8201:a02:8201:100:c2f9:87b4"
"cdn.cd7b7fff0c00000007001c020000.ns1.brownswer.com","28","269:acdd:965:5482:3d04:d35a:64e9:d19e"
"cdn.03aa42ea0e00000007002a030000.ns1.brownswer.com","28","3e5:21ed:58fc:9fa5:cf2:6a9b:f1da:fb88"
"cdn.d0a57307110000000700bf040000.ns1.brownswer.com","28","4b8:658e:1816:ddcb:1ca0:6a3a:ee19:cf3c"
"cdn.03aa42ea110000000700bf040000.ns1.brownswer.com","28","295:82d6:19e9:d22e:e883:9a78:326f:fc8f"
"cdn.ba7fff47110000000700bf040000.ns1.brownswer.com","28","419:ef69:f246:b9b2:ebc2:75db:4cf6:3e02"
"cdn.cd7b7fff110000000700bf040000.ns1.brownswer.com","28","75d:973b:171a:8945:655b:404b:5a5b:523e"
"cdn.cd7b7fff0d0000000700a3020000.ns1.brownswer.com","28","801:4:ac41:6e84:df32:7383:dd3e:53f"
"cdn.ba7fff4717000000070000000000.ns1.brownswer.com","28","841:6b75:1293:5073:4669:45dd:6e62:1843"
"cdn.cd7b7fff18000000070087000000.ns1.brownswer.com","28","938:70d9:2b71:2809:818c:642c:7362:fe9"
"cdn.e5fab7720e00000007002a030000.ns1.brownswer.com","28","515:3e1a:f2fa:94b4:8ea1:8fa0:bcad:9753"
"cdn.cd7b7fff0d0000000700a3020000.ns1.brownswer.com","28","204:1454:abb6:8899:a2e2:a879:4602:b507"
"cdn.ba7fff470c00000007001c020000.ns1.brownswer.com","28","5a9:6805:a85a:b155:b4db:2577:8ef1:8653"
"cdn.cd7b7fff0f0000000700b1030000.ns1.brownswer.com","28","991:ace:68e4:8770:acf8:b1e1:f570:72ef"
"cdn.cd7b7fff09000000070087000000.ns1.brownswer.com","28","87::"
"cdn.03aa42ea08000000070000000000.ns1.brownswer.com","28","500:403:1:200:2300::1700:16"
"cdn.ba7fff470f0000000700b1030000.ns1.brownswer.com","28","87::"
"cdn.cd7b7fff0a00000007000e010000.ns1.brownswer.com","28","87::"
"cdn.d0a5730717000000070000000000.ns1.brownswer.com","28","28e:28c9:c29b:ef49:b3fd:b909:4067:6e3c"
"cdn.03aa42ea08000000070000000000.ns1.brownswer.com","28","2c7:f5da:1d6a:4f99:bb3c:5658:6257:7eec"
"cdn.e5fab772110000000700bf040000.ns1.brownswer.com","28","213:3515:19d:4791:277d:89d0:1e7b:de33"
"cdn.ba7fff4712000000070046050000.ns1.brownswer.com","28","2::"
"cdn.d0a573070b000000070095010000.ns1.brownswer.com","28","5aa:c160:92e8:59e4:56c2:1b9d:cd44:12ca"
"cdn.ba7fff4717000000070000000000.ns1.brownswer.com","28","28e:28c9:c29b:ef49:b3fd:b909:4067:6e3c"
"cdn.cd7b7fff27000000070000000000.ns1.brownswer.com","28","87::"
"cdn.cd7b7fff0c00000007001c020000.ns1.brownswer.com","28","84a:abf3:90df:e5c4:9203:ed5e:f37b:f871"
"cdn.e5fab77209000000070087000000.ns1.brownswer.com","28","342:7269:7362:616e:6531:1330:1106:355"
"cdn.ba7fff4710000000070038040000.ns1.brownswer.com","28","25f:a068:8afb:b9c:49bf:6f43:cd41:48ca"
"cdn.e5fab77226000000070000000000.ns1.brownswer.com","28","117:303:cb:e9c1:b03f:b117:45bf:b87"
"cdn.cd7b7fff0d0000000700a3020000.ns1.brownswer.com","28","502:b507:1e2e:4eb8:f080:a930:f06:355"
"cdn.cd7b7fff17000000070000000000.ns1.brownswer.com","28","116:303:ca:400:c6::12c:c0"
"cdn.d0a573070a00000007000e010000.ns1.brownswer.com","28","255:406:1302:4155:3111:300f:603:5504"
"cdn.e5fab77226000000070000000000.ns1.brownswer.com","28","4d0:4dd9:da1d:17d8:68f2:922e:3afd:92d4"
"cdn.cd7b7fff0f0000000700b1030000.ns1.brownswer.com","28","820:4b82:8131:96e4:e907:296a:523:3235"
"cdn.ba7fff470b000000070095010000.ns1.brownswer.com","28","765:9680:a48f:6b78:76ff:5e39:b473:e91c"
"cdn.d0a573070e00000007002a030000.ns1.brownswer.com","28","451:e9ba:4a1e:8458:a87a:26f2:2459:bba9"
"cdn.cd7b7fff0c00000007001c020000.ns1.brownswer.com","28","87::"
"cdn.e5fab7720d0000000700a3020000.ns1.brownswer.com","28","31e:2e4e:b8f0:80a9:301f:603:551d:2304"
"cdn.ba7fff4717000000070000000000.ns1.brownswer.com","28","782:3fd7:d8c2:4158:fae9:181d:2e2e:c89c"
"cdn.d0a573070b000000070095010000.ns1.brownswer.com","28","9f3:f05a:41a1:8cce:4610:4fb1:a85f:7233"
"cdn.ba7fff4710000000070038040000.ns1.brownswer.com","28","7f3:10a:d933:8d1a:77fc:fb3e:ea16:48c4"
"cdn.cd7b7fff0a00000007000e010000.ns1.brownswer.com","28","855:403:c03:4155:5530:8201:2230:d06"
"cdn.e5fab7720d0000000700a3020000.ns1.brownswer.com","28","709:2a86:4886:f70d:101:b05:3:8201"
"cdn.d0a57307110000000700bf040000.ns1.brownswer.com","28","666:e948:cfaa:d627:aacf:9654:5223:11fe"
"cdn.e5fab77226000000070000000000.ns1.brownswer.com","28","9a4:d6cf:8317:b93c:8b1f:1dbc:668e:3a77"
"cdn.d0a5730717000000070000000000.ns1.brownswer.com","28","87::"
"cdn.e5fab77210000000070038040000.ns1.brownswer.com","28","9cc:303c:ebb6:78f:8c22:3be:1ffd:fcdf"
"cdn.d0a5730718000000070087000000.ns1.brownswer.com","28","458:658c:2bdb:3e49:cb10:230f:8fc3:8a26"
"cdn.03aa42ea110000000700bf040000.ns1.brownswer.com","28","87::"
"cdn.d0a57307110000000700bf040000.ns1.brownswer.com","28","7c0:ea49:74b4:a724:6f3d:d5a8:2e92:46ef"
"cdn.03aa42ea10000000070038040000.ns1.brownswer.com","28","87::"
"cdn.ba7fff4710000000070038040000.ns1.brownswer.com","28","502:5dab:5da:16d4:7f3f:a36b:94a7:a750"
"cdn.03aa42ea08000000070000000000.ns1.brownswer.com","28","302:8b64:a3e3:88c5:9a07:d160:922:c0"
"cdn.d0a5730708000000070000000000.ns1.brownswer.com","28","603:303:bf0b:3:bb00:3b8:3:b530"
"cdn.ba7fff470f0000000700b1030000.ns1.brownswer.com","28","120:fde8:d532:54b1:9aef:fe5d:88f4:a43a"
"cdn.ba7fff470c00000007001c020000.ns1.brownswer.com","28","30f:114b:e50c:cdd2:35ec:5d54:5c6b:67da"
"cdn.cd7b7fff0e00000007002a030000.ns1.brownswer.com","28","515:3e1a:f2fa:94b4:8ea1:8fa0:bcad:9753"
"cdn.03aa42ea0f0000000700b1030000.ns1.brownswer.com","28","6b7:7652:8690:7b75:c021:3a79:8413:46dd"
"cdn.d0a573070e00000007002a030000.ns1.brownswer.com","28","299:afab:70b8:204:e470:bf1d:627b:6643"
"cdn.e5fab7720f0000000700b1030000.ns1.brownswer.com","28","7c0:1555:1603:301:2c0c:1:2803:1d"
"cdn.03aa42ea0f0000000700b1030000.ns1.brownswer.com","28","87::"
"cdn.03aa42ea17000000070000000000.ns1.brownswer.com","28","7a4:d21:cc0b:aedd:b13:149b:2d68:2d76"
"cdn.03aa42ea0f0000000700b1030000.ns1.brownswer.com","28","9c3:1adb:48a8:faed:a768:d764:4408:9f31"
"cdn.03aa42ea0c00000007001c020000.ns1.brownswer.com","28","5a9:6805:a85a:b155:b4db:2577:8ef1:8653"
"cdn.ba7fff470e00000007002a030000.ns1.brownswer.com","28","451:e9ba:4a1e:8458:a87a:26f2:2459:bba9"
"cdn.ba7fff47110000000700bf040000.ns1.brownswer.com","28","161:37ab:3cf8:56ed:b4ed:d46c:af8f:4496"
"cdn.e5fab7720c00000007001c020000.ns1.brownswer.com","28","9f5:b968:b27d:75eb:d3c:f88e:1d02:301"
"cdn.e5fab77208000000070000000000.ns1.brownswer.com","28","87::"
"cdn.ba7fff4708000000070000000000.ns1.brownswer.com","28","214:b189:d80a:e6ac:1fbd:552:7773:741b"
"cdn.03aa42ea26000000070000000000.ns1.brownswer.com","28","3a8:630e:1a86:a0a6:4d29:671c:c498:ca5e"
"cdn.e5fab77210000000070038040000.ns1.brownswer.com","28","848:32e1:67c6:d7f9:5f45:50c3:98:9379"
"cdn.ba7fff4718000000070087000000.ns1.brownswer.com","28","907:eed2:1654:37f3:aec8:29d2:f23f:c88f"
"cdn.d0a573070b000000070095010000.ns1.brownswer.com","28","10f:30:8201:a02:8201:100:c2f9:87b4"
"cdn.ba7fff47110000000700bf040000.ns1.brownswer.com","28","862:a3d9:6a12:ada9:ec89:2a23:acb8:84e2"
"cdn.e5fab7720b000000070095010000.ns1.brownswer.com","28","8ea:294c:4ec9:56f5:2e4a:2ef5:6fab:6f59"
"cdn.e5fab7720c00000007001c020000.ns1.brownswer.com","28","84a:abf3:90df:e5c4:9203:ed5e:f37b:f871"
"cdn.e5fab77208000000070000000000.ns1.brownswer.com","28","24f:d1b0:2bc2:83f1:26c5:9fa3:ab90:e79c"
"cdn.d0a5730708000000070000000000.ns1.brownswer.com","28","500:403:1:200:2300::1700:16"
"cdn.e5fab77218000000070087000000.ns1.brownswer.com","28","234:5bcb:7126:4be1:d678:d9d9:fd2a:4844"
"cdn.cd7b7fff0e00000007002a030000.ns1.brownswer.com","28","87::"
"cdn.ba7fff4717000000070000000000.ns1.brownswer.com","28","948:b398:99dd:494e:627c:2759:c1f7:f235"
"cdn.03aa42ea09000000070087000000.ns1.brownswer.com","28","213:241:5531:1130:f06:355:408:c08"
"cdn.03aa42ea18000000070087000000.ns1.brownswer.com","28","7c5:2b53:741:a3ff:da50:7477:9bac:97ce"
"cdn.03aa42ea0a00000007000e010000.ns1.brownswer.com","28","308:c08:4272:6973:6261:6e65:3113:3011"
"cdn.e5fab7720e00000007002a030000.ns1.brownswer.com","28","3e5:21ed:58fc:9fa5:cf2:6a9b:f1da:fb88"
"cdn.ba7fff470f0000000700b1030000.ns1.brownswer.com","28","6b7:7652:8690:7b75:c021:3a79:8413:46dd"
"cdn.ba7fff4710000000070038040000.ns1.brownswer.com","28","87::"
